{"cameraMode":{"drawMode":0,"name":"Shaded","section":"Shading Mode"},"sceneLighting":true,"audioPlay":false,"sceneViewState":{"showFog":true,"showMaterialUpdate":false,"showSkybox":true,"showFlares":true,"showImageEffects":true,"showParticleSystems":true,"showVisualEffectGraphs":true,"m_FxEnabled":true},"in2DMode":false,"pivot":{"x":0.9419300556182861,"y":0.9053717255592346,"z":-1.7699017524719239},"rotation":{"x":0.04701073095202446,"y":-0.16819582879543305,"z":0.00803310051560402,"w":0.984617292881012},"size":3.128175973892212,"orthographic":false}