{"cameraMode":{"drawMode":0,"name":"Shaded","section":"Shading Mode"},"sceneLighting":true,"audioPlay":false,"sceneViewState":{"showFog":true,"showMaterialUpdate":false,"showSkybox":true,"showFlares":true,"showImageEffects":true,"showParticleSystems":true,"showVisualEffectGraphs":true,"m_FxEnabled":true},"in2DMode":false,"pivot":{"x":0.5146393775939941,"y":1.4851008653640748,"z":-3.5140581130981447},"rotation":{"x":-0.1014714241027832,"y":-0.03521217778325081,"z":0.003593574045225978,"w":-0.9942165613174439},"size":-0.3456307053565979,"orthographic":false}